review,sentiment
great product loved it works perfectly,positive
excellent quality fast delivery very happy,positive
amazing value for money will buy again,positive
awesome build quality highly recommend,positive
superb product totally satisfied with purchase,positive
very good item exceeded my expectations,positive
nice quality worth the price paid,positive
fantastic purchase happy customer here,positive
great experience smooth delivery process,positive
loved the design and quality of product,positive
worst product ever totally disappointed,negative
bad quality stopped working in two days,negative
terrible experience complete waste of money,negative
poor packaging item arrived completely damaged,negative
not satisfied product quality is very low,negative
disappointing purchase would not recommend,negative
cheap material broke immediately after use,negative
horrible product complete waste of cash,negative
bad experience slow delivery damaged item,negative
regret buying this poor quality product,negative
