tempo,danceability,energy,loudness,valence,hit
162,0.398,0.4,-11.5,0.698,Not Hit
152,0.757,0.231,-6.28,0.18,Not Hit
74,0.77,0.443,-2.05,0.697,Not Hit
166,0.318,0.63,-1.79,0.412,Not Hit
131,0.998,0.461,-11.45,0.874,Hit
80,0.413,0.862,-1.38,0.515,Not Hit
162,0.981,0.417,-6.12,0.973,Hit
181,0.529,0.972,-9.75,0.602,Hit
134,0.226,0.566,-4.38,0.224,Not Hit
147,0.476,0.874,-7.77,0.822,Hit
176,0.707,0.356,-9.33,0.345,Not Hit
159,0.745,0.529,-4.42,0.348,Hit
163,0.625,0.76,-11.27,0.032,Hit
190,0.558,0.311,-10.05,0.549,Not Hit
112,0.642,0.306,-8.48,0.534,Not Hit
61,0.674,0.976,-11.19,0.356,Hit
147,0.265,0.772,-8.92,0.894,Hit
97,0.496,0.233,-6.43,0.129,Not Hit
189,0.394,0.519,-3.89,0.33,Not Hit
80,0.843,0.547,-3.49,0.322,Not Hit
117,0.576,0.795,-2.66,0.092,Hit
81,0.987,0.401,-3.84,0.481,Hit
148,0.519,0.347,-4.78,0.688,Not Hit
108,0.853,0.265,-11.44,0.512,Hit
118,0.839,0.543,-9.0,0.157,Hit
74,0.321,0.751,-7.83,0.377,Not Hit
110,0.607,0.247,-13.76,0.003,Not Hit
167,0.757,0.932,-7.07,0.868,Hit
114,0.887,0.554,-8.45,0.085,Hit
123,0.461,0.392,-2.97,0.597,Not Hit
190,0.376,0.275,-0.33,0.986,Not Hit
110,0.769,0.346,-6.66,0.537,Hit
194,0.848,0.948,-10.16,0.924,Hit
80,0.479,0.711,-14.35,0.236,Not Hit
132,0.277,0.613,-1.13,0.76,Not Hit
77,0.952,0.726,-1.21,0.531,Hit
191,0.518,0.549,-11.21,0.721,Hit
148,0.614,0.784,-4.57,0.062,Hit
119,0.87,0.238,-13.87,0.148,Not Hit
73,0.741,0.653,-12.51,0.133,Not Hit
68,0.788,0.327,-11.75,0.687,Not Hit
149,0.367,0.296,-10.58,0.844,Not Hit
112,0.633,0.474,-0.06,0.75,Hit
189,0.757,0.273,-4.55,0.03,Not Hit
143,0.383,0.275,-9.24,0.867,Not Hit
151,0.34,0.449,-3.94,0.354,Not Hit
170,0.986,0.984,-1.27,0.397,Hit
67,0.613,0.34,-0.62,0.105,Not Hit
94,0.409,0.214,-14.13,0.737,Not Hit
140,0.997,0.811,-9.08,0.182,Hit
109,0.972,0.846,-13.4,0.564,Hit
163,0.647,0.477,-9.97,0.841,Hit
191,0.906,0.572,-12.45,0.089,Hit
61,0.351,0.72,-5.3,0.535,Not Hit
193,0.423,0.238,-9.18,0.233,Not Hit
113,0.76,0.959,-11.56,0.343,Hit
165,0.877,0.909,-11.01,0.474,Hit
63,0.885,0.409,-9.59,0.355,Not Hit
113,0.524,0.212,-11.1,0.649,Not Hit
103,0.91,0.947,-8.2,0.48,Hit
73,0.881,0.601,-14.52,0.584,Hit
154,0.949,0.632,-10.8,0.737,Hit
107,0.828,0.747,-8.83,0.558,Hit
74,0.735,0.693,-5.96,0.587,Hit
99,0.665,0.955,-10.94,0.564,Hit
141,0.498,0.955,-13.0,0.379,Hit
170,0.952,0.894,-13.86,0.337,Hit
112,0.979,0.709,-0.89,0.9,Hit
83,0.427,0.841,-8.75,0.608,Not Hit
183,0.444,0.742,-6.28,0.244,Not Hit
100,0.588,0.659,-1.21,0.498,Not Hit
74,0.559,0.303,-13.76,0.33,Not Hit
104,0.996,0.849,-1.85,0.934,Hit
124,0.341,0.857,-6.73,0.008,Not Hit
148,0.214,0.701,-12.53,0.225,Not Hit
130,0.595,0.856,-8.83,0.365,Hit
68,0.343,0.721,-3.34,0.488,Not Hit
147,0.493,0.365,-7.79,0.851,Not Hit
188,0.795,0.419,-0.22,0.088,Not Hit
195,0.777,0.372,-9.35,0.806,Hit
122,0.446,0.502,-3.76,0.056,Not Hit
198,0.634,0.231,-9.11,0.842,Not Hit
140,0.607,0.695,-2.56,0.052,Not Hit
195,0.709,0.469,-6.46,0.018,Not Hit
92,0.4,0.725,-14.05,0.697,Not Hit
182,0.672,0.508,-14.45,0.997,Hit
64,0.983,0.745,-12.99,0.897,Hit
100,0.589,0.472,-14.79,0.576,Not Hit
87,0.925,0.409,-13.87,0.917,Hit
194,0.548,0.597,-4.62,0.005,Not Hit
131,0.48,0.754,-6.98,0.975,Hit
71,0.716,0.479,-3.75,0.491,Not Hit
92,0.735,0.949,-1.3,0.723,Hit
107,0.891,0.231,-6.22,0.821,Hit
121,0.384,0.534,-4.11,0.718,Not Hit
96,0.599,0.974,-3.64,0.535,Hit
158,0.658,0.638,-9.33,0.477,Hit
163,0.815,0.539,-11.38,0.839,Hit
94,0.235,0.655,-11.92,0.205,Not Hit
160,0.996,0.661,-11.23,0.968,Hit
190,0.576,0.785,-10.88,0.711,Hit
60,0.424,0.302,-11.89,0.2,Not Hit
64,0.907,0.4,-1.83,0.736,Hit
162,0.798,0.664,-3.65,0.53,Hit
86,0.962,0.894,-14.3,0.707,Hit
196,0.465,0.649,-10.97,0.768,Hit
74,0.642,0.391,-14.67,0.087,Not Hit
149,0.658,0.744,-7.53,0.506,Hit
101,0.984,0.792,-7.86,0.932,Hit
183,0.26,0.391,-2.53,0.321,Not Hit
122,0.445,0.502,-10.38,0.594,Not Hit
155,0.353,0.627,-2.75,0.369,Not Hit
111,0.415,0.597,-0.48,0.454,Not Hit
155,0.588,0.512,-13.67,0.549,Not Hit
191,0.498,0.438,-3.12,0.549,Not Hit
88,0.516,0.28,-6.15,0.202,Not Hit
95,0.875,0.243,-7.8,0.685,Not Hit
72,0.944,0.967,-8.69,0.088,Hit
130,0.256,0.878,-3.23,0.139,Not Hit
145,0.367,0.484,-5.41,0.003,Not Hit
87,0.737,0.965,-2.92,0.117,Hit
125,0.487,0.741,-1.45,0.473,Hit
104,0.403,0.586,-5.74,0.606,Not Hit
121,0.436,0.594,-0.29,0.794,Not Hit
193,0.458,0.267,-5.88,0.107,Not Hit
87,0.879,0.273,-5.45,0.851,Not Hit
87,0.309,0.682,-6.68,0.746,Not Hit
167,0.767,0.643,-13.63,0.409,Hit
103,0.642,0.37,-4.1,0.933,Hit
143,0.437,0.957,-6.79,0.991,Hit
89,0.536,0.825,-8.24,0.205,Not Hit
134,0.405,0.291,-1.34,0.379,Not Hit
187,0.689,0.945,-10.53,0.926,Hit
151,0.265,0.979,-7.15,0.722,Hit
188,0.204,0.997,-4.54,0.048,Not Hit
180,0.702,0.245,-3.05,0.782,Not Hit
86,0.355,0.79,-8.11,0.828,Not Hit
180,0.257,0.637,-2.37,0.751,Not Hit
175,0.517,0.765,-3.47,0.8,Hit
62,0.241,0.975,-14.01,0.825,Not Hit
162,0.909,0.75,-14.31,0.186,Hit
196,0.222,0.87,-5.69,0.236,Not Hit
121,0.663,0.893,-9.79,0.634,Hit
110,0.551,0.871,-11.86,0.908,Hit
118,0.738,0.541,-6.31,0.316,Hit
177,0.463,0.378,-9.88,0.588,Not Hit
155,0.324,0.517,-6.94,0.683,Not Hit
172,0.985,0.914,-8.1,0.452,Hit
121,0.871,0.317,-6.23,0.714,Hit
111,0.888,0.611,-9.0,0.9,Hit
