amount,time_hr,distance_km,is_fraud
315.80975664910045,8.83019432230167,4.099624190536328,0
216.7976691798368,8.775681188255316,17.009432295216754,0
100.34175113269197,8.852039470474265,1.0379059903682175,0
134.4053963812191,8.425109945402777,5.913893480832084,0
346.71109764763224,6.019786876150551,16.88497404811637,0
52.59325732567117,17.00614575807864,5.800583872978118,0
431.70968876645964,20.853080525577234,12.440791247419876,0
320.54169622288686,19.568254163990424,11.644175195364623,0
478.64369180411825,18.011672111989554,12.245163015236892,0
472.683282591332,15.56357704409383,14.81962500549157,0
328.5820017171818,9.059051223436624,15.61991787229983,0
415.65581185591844,6.658935924468347,0.9899370698733323,0
316.2382336550156,16.1771322196772,16.79632324291062,0
1043.265934346953,0.0009419977829094872,414.5430932245926,1
481.04449121060463,17.83474081162822,8.387792233339432,0
143.75009367959433,19.709982977201506,7.119420649767887,0
232.0880149461272,21.22365695465586,8.869116727638083,0
263.9475796714322,13.161647045123472,16.143786375823762,0
315.43294994344546,13.694496012049115,1.9502865128179492,0
110.4722109681972,18.796497526784346,18.741820569175896,0
60.42885506463106,15.825300978955777,18.981423926296877,0
294.4665660485158,13.180441181302449,0.8955690100933644,0
351.8571111114966,6.253137468249319,6.063881189220921,0
270.61016504720527,18.645403773762368,5.5247464995030615,0
484.6394525473261,15.281795675127489,8.882554263315033,0
222.88140379925295,7.809757105225168,11.659688523292049,0
55.997912139832955,16.404706973975262,13.418860094850158,0
1860.5367486912053,4.831217053533991,237.9125680290588,1
427.5748313400338,11.114669319048716,18.22336570360158,0
380.751543854618,6.497849598677723,4.2005869903256325,0
321.95571759491844,16.742794712489832,4.222249423322724,0
402.4651543943759,21.874133061450756,19.825264534672662,0
114.21358432720088,12.015886239060983,1.8144340446986207,0
467.13965287897776,12.88539484014274,13.511601839005197,0
206.14723956603785,17.59226962237789,4.693068835516987,0
281.3144956494424,9.59521883156288,4.1772814141148,0
316.13302281119303,18.138822241776076,4.011205021459658,0
43.77155428993721,21.865414541924384,7.9041185261994045,0
31.744565131286016,17.83568531336865,1.5429033707916373,0
204.4240753348053,6.29388219104864,8.139438192685278,0
254.10094145648753,11.976154928614202,13.748127282724752,0
347.36495137502953,6.652065697479564,18.58853388946228,0
377.4562672402862,17.482172574538072,1.79624308565548,0
1113.7165545829869,0.8454053517799626,352.8866391015796,1
492.7901648260971,16.475089302901573,0.6109891418675995,0
140.30958323247708,18.149509246765856,14.514329264398981,0
433.6015113506008,21.809049066444384,6.672135780580863,0
396.01704547010127,6.166843190358449,11.039806042414423,0
307.7020589238507,10.475256615543667,7.423232295714836,0
53.386271200672894,19.791790534468355,11.907193225172081,0
311.32562894480066,20.1193510472976,8.133481399971663,0
414.84079093904325,16.282794522758778,14.856499498126325,0
116.2364622273807,12.010756030107624,9.335641544623758,0
460.1877559077658,18.8340889300414,0.260591355141675,0
442.91207091046687,13.259098153684523,5.355533509766683,0
46.91966544300282,8.96734199482647,14.751314981856536,0
162.62185385505114,6.699770014079512,9.893503791825665,0
222.85323910011005,11.13188384701004,14.604922941802919,0
124.28175548801863,9.013585340249623,10.645150622979521,0
403.94871990643986,7.42144392140103,19.542084661031467,0
211.51500712683085,20.347428637441958,14.680595251786126,0
49.981148396117774,17.588564930022592,5.253512851973035,0
356.42042600929494,10.256308448086092,9.946248923379448,0
355.8574271005603,21.569563969125543,9.480128569663117,0
213.10724625977755,7.108068900573759,16.1615856471166,0
417.02070821697237,14.032803415815154,1.0380188717461802,0
257.69886076195655,15.234764532600801,0.6561924825721688,0
452.82474391588255,18.773507011589253,1.0097788882481584,0
431.5982629727209,11.724821614852342,9.394875259813675,0
391.500250134868,8.387804447202818,4.605018414210294,0
223.47972035216662,19.949324463569937,14.427869022125765,0
306.9899217173609,9.06851928946977,12.837199177107108,0
125.59395695158979,14.793856699502792,6.199998743435787,0
54.26511068302786,16.97458033679782,2.843408934077911,0
50.54672581730001,17.44785451358839,5.120951302099086,0
214.15313829185482,12.309845181093603,5.968698247237533,0
449.74090081125325,13.814306081039033,16.916991009199354,0
44.50390411627651,16.424311468836237,18.213531588702793,0
70.17728310440955,12.594094884204345,15.461780833949323,0
75.58753821231026,16.721536553775067,10.571562194443942,0
320.28797970637066,12.004158471082661,18.620199417705997,0
170.79480706261864,14.547875295623122,9.39283549361418,0
200.25150815503736,8.695110162283514,18.374694212127547,0
85.97039219659466,20.120535773113602,9.009306033156365,0
128.1315678415196,19.750652692489425,0.1133162905913454,0
379.77129301145715,18.970974847780262,7.085355296820932,0
1766.2254687320224,3.175445529548594,445.188959594785,1
451.28042760582895,13.78556259590005,15.076594011384373,0
247.03992154688225,17.1627300403212,7.744745423561918,0
20.870523594847796,19.051978296068494,5.606689215830418,0
180.33341509651493,11.87129726727681,5.430940948224848,0
37.27020978491792,16.788860902544776,1.0439725808994327,0
274.4927203381702,12.193260165370093,14.512544005488317,0
447.02948530062054,21.03711667082947,15.470777830691278,0
322.24347409684856,19.516630980576345,12.559867652081962,0
195.5985867161318,9.82488531515625,11.041387293067558,0
182.25467895576722,17.29630412262439,14.123863659267172,0
30.123083216259136,18.534763615065835,16.36413337496495,0
293.64379879870376,18.412875772687297,12.081433541424385,0
439.56603515260025,14.680732854326767,11.643664601851796,0
344.7600896582859,15.634330304839697,5.38039293596621,0
230.94611923389115,8.447740813257003,5.323360250310749,0
102.71855449465289,12.7218996455636,2.8877526426733446,0
460.3667004865431,13.010757542591803,0.7596312657970694,0
239.43359593627588,14.704265266924025,0.5503837028083058,0
245.7330947099171,18.050997374614447,14.383197938891378,0
256.1212902566398,7.6343924745206095,10.937192819502524,0
877.3964187005133,4.3319325712567105,430.595236078305,1
217.5007617309781,12.346556421496992,0.548406199453153,0
40.14334285722518,12.064434019505558,5.067143401193228,0
42.64336507150031,15.314371676479556,19.633066477048956,0
371.54932578419726,21.688269152017696,19.57915014082208,0
4238.899702099794,0.1358750804542208,453.7506188091885,1
269.8299149911011,8.928247107755634,18.825448964837033,0
485.0730648859379,21.15760740209662,16.33364350901436,0
371.0430129435073,9.63771680153758,15.415612365277596,0
200.9128622474097,11.707712848640027,2.0251982923031786,0
2673.02488944335,1.9080596993360004,227.44358510544288,1
349.9216276276358,16.06878089617178,18.947904991728937,0
280.2780575465943,19.15829470107293,19.430660847811772,0
315.23931763820815,6.5341376285821,14.01735271722864,0
124.2760416594026,18.60643181267624,2.0961612999514423,0
74.81534345141189,6.844863367496449,8.289394310786866,0
91.44556163553393,19.902410008649134,13.615117859209711,0
208.54902252289438,20.69884475189607,3.010429833268271,0
15.979505435841812,10.469883422955462,9.626667530713299,0
193.47333116300678,13.391150986735292,13.966223144551455,0
120.41307087913883,15.065205794742697,0.7187734984310667,0
494.7006058085459,11.950922686669838,12.549731435685587,0
69.05606360536757,14.773129339622788,7.117095185184228,0
374.68232940321155,21.61585359358068,15.688417160068353,0
155.5314094628923,14.71756414535225,11.273199420575244,0
198.25889737581775,16.083339973266305,10.258048322943951,0
2053.172610157969,2.7959240341466325,295.7505795882681,1
122.2224415531502,16.895597235811913,10.54530361830513,0
12.540582759253521,17.986586225620528,5.431375295020797,0
384.04856727191634,9.257252485475883,10.991673134442872,0
218.78482277300114,8.011864188906381,3.031685857397599,0
477.00520504173704,6.28579027965311,11.46698691270436,0
29.02901987041737,21.63946218103657,9.48576840862521,0
154.69238832527998,8.393290282681052,3.4116382311418003,0
50.61674762974357,19.863018680442327,2.9596829473166952,0
42.91594595869795,17.12665037324885,7.234205097191612,0
25.83481604372873,19.55467778196119,12.042339707095591,0
376.45708600519197,11.819089996098244,4.080493314771574,0
63.639741426682406,6.469826545638277,15.735390067142546,0
325.82785880665284,17.60249164081784,2.3238191305089195,0
126.37817093331027,8.548599123884882,15.850427839258384,0
334.2110357894653,14.721688452171195,10.955693887666389,0
144.6185805426953,10.724452627524961,16.183663422780622,0
271.883386716051,11.120957320335735,8.627612975481494,0
176.9060390374776,15.270638389496012,11.805710859063193,0
3639.4194801843687,1.1336519146175532,192.71343611574002,1
327.92319174287223,8.548864329903685,9.519354620233118,0
12.521133669810236,12.96808727037055,11.976908001588779,0
250.4669018368044,15.168662862893589,13.760888876720276,0
46.92593957270653,14.516163413424643,19.81092065540267,0
117.56015728966976,9.475345563059369,8.318878091637101,0
34.8765802093045,13.717702104825465,17.829600312470134,0
302.6642954908671,14.925123070867222,17.226392516301814,0
162.60768938236419,14.234521385176185,15.27158137733145,0
303.16016855139577,20.462613284165997,8.591918871521294,0
46.99664826390572,16.964768257853976,2.876287006296274,0
379.0906481662509,7.469934203360715,8.602057530596001,0
304.391238756677,12.251653849817812,7.471096020953638,0
363.1984171921482,17.86739298420688,1.9010609106538556,0
245.3813401145138,21.27456048053292,18.585147960144585,0
414.3025923971033,18.100234526263243,0.20181213378049456,0
296.72327083948124,21.627603818601262,0.8832387235566252,0
348.9400546127669,15.294912852204764,4.013020348075225,0
32.472020538270144,10.110141562331437,3.756857050755482,0
466.6870277058977,7.279446309748831,5.345052595871906,0
287.3582331420974,8.586760706348842,14.351442494631888,0
2767.865550428054,4.863881614460429,105.30041340156421,1
108.84792654181555,19.623178200820245,7.354673016102198,0
180.23257003045296,6.9352738257368625,17.338669367037674,0
31.266383816104653,18.243053832892556,7.069214810935649,0
46.96292807398694,11.075131468246378,1.1548210373834755,0
104.37352361495891,20.114169828512964,6.66925187192021,0
168.75512994233182,15.839651845458118,0.9080656293738509,0
399.2018304835666,9.388085610647654,11.412992477618698,0
494.477103158167,10.446433555981885,0.952825148730132,0
486.8240711423511,18.361963639190122,8.028912618263872,0
201.82623399873594,12.697289945982964,6.302940782651065,0
266.0344039009163,18.703835461888097,11.067580322534148,0
434.92747744195185,18.687297513690105,10.599830458528373,0
351.84451703179707,14.565729629482574,10.979608988832837,0
294.0284678911518,10.392644064002006,16.428639832851864,0
411.77398952996907,15.23599569229781,4.021974548853349,0
475.1603305583052,8.644705775522793,10.986195429602079,0
136.75728204197492,17.82871576263637,5.620761627620565,0
495.2672435374708,15.806402573791187,1.48084435824696,0
421.4965411337196,18.130960177224598,17.777748480072596,0
114.2366685618722,8.880166999563576,18.512746600506716,0
434.76566560231225,11.482455809934645,1.7640340757974138,0
40.54726763050831,12.551645648083262,0.8458349844536239,0
410.02901025440053,16.20776329269276,12.641796590124844,0
277.49872738084457,11.170090513124457,7.496071355635927,0
131.6309569510044,20.724754899510522,18.027661932838697,0
482.9733968914772,21.224799589685233,16.87849225223448,0
490.3624760208624,21.480180217820443,9.767492579658775,0
91.69807239675775,9.181700444404735,6.74680282034047,0
187.75136838631326,16.29384287858855,14.634494731284258,0
210.38803677189168,18.94213538618125,11.217489267252352,0
35.81507962884201,7.561000163828796,2.878838271444617,0
121.42385422978519,20.382413184099768,17.1041397003674,0
214.7935555406336,6.144486466072804,17.793040660351327,0
442.624071877356,21.57531823961877,19.753191846825036,0
62.28263255558367,13.753625392301835,11.361850246757346,0
264.8823738405786,9.638551933782063,11.109908482117204,0
339.2928062946477,7.158660354341464,4.777133208038553,0
290.9498504192473,11.746416474659704,13.897647473519184,0
369.61586028731386,20.42073617239438,17.303866947956223,0
214.57798117366715,18.667199815253625,4.088811478990937,0
489.676403451821,12.614663188724183,16.463216614177185,0
160.81084748781421,6.041344237519718,10.982606725543453,0
176.24291048913358,12.940808196076349,7.28708476856464,0
223.80455748721243,18.03884420184916,14.217694333646381,0
147.88157068298813,11.168179174179421,11.896064293555792,0
352.43446804884314,14.161755399981203,4.409768693782128,0
41.12079649910066,15.877628118607587,6.66814644318221,0
420.67241195736494,18.265416383546295,16.070362168698686,0
4380.141568634321,1.9487969371324603,249.40807075987502,1
280.8817886848748,17.55020204683096,13.528527246767846,0
431.46214004478264,11.010591917076518,1.0003715364222443,0
275.84471297190066,6.50083701996026,1.3668187106452079,0
80.13271291875012,8.035196202999193,0.891276468973583,0
278.24869038056465,12.783117006612832,3.046591789290709,0
171.2351690312368,13.765743730558194,8.495430608501058,0
440.52826653298473,7.033866877505378,14.499623398481049,0
490.42673529526513,17.711329081370152,14.202201128434133,0
4268.867216359566,3.106722486267648,253.9214468884413,1
301.00271780337044,7.95256083399032,2.6303653383275583,0
365.78683717057635,6.608349571799279,18.387748091453453,0
141.55267987617685,15.573236241958831,17.371030126405774,0
159.7915394507191,13.39355665225057,10.504795150403204,0
195.2139191599047,9.906356646757988,4.700744296076502,0
1553.8887583801002,3.8157764562944467,469.82442215072194,1
341.6172531679086,6.547004255026531,19.44050512993182,0
484.3071450655133,14.242802725339706,11.540813289238216,0
259.3188976509924,17.70032107157897,5.266315675064002,0
487.381622181861,12.358063815430416,9.757023943848129,0
454.8544039266328,17.58907951482658,19.80417787175243,0
163.2988796877379,17.71917970940944,4.942631093227838,0
28.042715141635775,14.369355593308555,14.661023797199867,0
33.380902568907906,6.698586523317779,0.04207686351766826,0
244.9952298595826,7.009744529266403,2.219550491702962,0
143.05602875167352,16.726167333670595,16.66634142946025,0
77.79301528472267,10.781374181397021,0.8877554434170887,0
75.26071135963736,14.425980756303353,1.1894313773456155,0
211.56341347777249,15.865673309799584,4.370196687082606,0
1229.2132027136197,3.4965768756310185,283.6756934930247,1
452.6482681916522,8.502108870455167,3.2563009935372755,0
27.083928514574207,17.722163755213323,13.079881846796024,0
435.46754244743755,11.807108349535872,11.299687153505072,0
440.3281270648042,8.963655144758555,14.000685455442088,0
359.75340287910973,14.40807395149824,11.225870858968054,0
495.8229142210736,9.356047162938902,10.27222093088649,0
334.4348849522167,7.77197512510333,4.124348101682798,0
132.72629111673623,19.717761473479978,11.343415598387711,0
320.2180510451493,11.942752029968732,3.180500074805226,0
362.04406270991126,13.669671042205628,16.765307190914097,0
38.514861799137364,8.623991695831956,3.304078786757003,0
371.17934586307945,15.757308887979113,1.873448414118204,0
235.0799358936245,10.996348576780736,0.6733835642774544,0
374.24288321787583,13.227149107706923,7.7122702573129605,0
241.87295785985336,9.788548948982166,12.11009533231753,0
412.67741205378013,15.532011651023307,16.475561802023304,0
204.68587657422296,16.743278958314292,16.94543335443719,0
179.0904876329695,12.419006624623723,14.434431054343586,0
11.32834071302154,11.836771506312472,6.836074109843651,0
95.91183224577588,9.528977998757172,1.8456958414651448,0
243.57164588188053,7.882303810549203,0.31626392465924136,0
403.0335320230997,7.447707124592812,18.138856176696677,0
224.98489094028614,21.421156407717618,12.394691428661783,0
453.9884059820915,10.991231847922087,4.527029886829719,0
54.93503215665573,6.827149395864431,2.7157809412787426,0
65.99097702728699,10.171412798718665,0.9211346837991274,0
105.24621665748778,15.516426198030977,8.77076977074871,0
381.6122828333839,18.594025641625663,6.2572632171026,0
421.8154196704072,18.54148282828278,7.855875516186868,0
282.345224904218,7.382793772200744,17.559689939696696,0
373.0771918462275,21.05400570140904,4.146180063751159,0
294.7696843786049,14.790627814887253,4.807647773989676,0
347.13470498576913,10.067593278359892,19.89715946118643,0
413.06609919672024,6.3669249802886725,10.35192602631044,0
386.7696932445448,9.298978632294823,8.322428561421846,0
53.064936024670494,14.635721900159085,14.741931008641025,0
300.02548202242934,16.586117605938348,14.180274485740636,0
1153.2125427655355,1.5745979430648382,104.59698931924612,1
282.5290501694809,10.063597993152396,0.5662254880533557,0
499.6832147872591,18.34972361890594,8.6108041901438,0
110.45088692608626,7.194077029393307,16.595262405752898,0
412.22212184514274,15.202613607945999,18.221374055347674,0
314.1947853668247,16.112247776326697,14.395829067093722,0
420.90545376428616,8.227168393880477,0.6284364302254586,0
352.50546163939794,17.50523915766169,10.700510091978657,0
184.00110860685933,14.109414909127722,17.316403304447103,0
489.65750055475445,18.161505255009555,16.490696161740644,0
331.30409133656366,7.558294280856835,1.5522928946288173,0
378.6775288190231,13.989341359657892,18.61213609693074,0
129.7330461776807,21.07819230563573,17.395263533634214,0
190.9229359398491,15.508652008988395,17.142591197125647,0
421.94789308018625,16.744935097808597,9.508132157001475,0
397.1066438080095,10.523931033260192,12.500583721704114,0
104.6351036477736,7.7014996200923935,14.259200157176116,0
53.320029449166825,15.496617105970355,13.95512552146859,0
300.5518235768226,17.939316119709417,3.5219094266118933,0
61.858705976006156,7.394871485309299,9.988635397336708,0
121.40198168469364,9.631435109845826,2.1778662796207815,0
172.7517422009201,7.321882615348299,19.20335569457491,0
275.9961622005704,9.035117570794835,18.128419278288735,0
329.1699333842406,14.137268631161255,14.642452136859117,0
373.4266026720461,19.988199529763804,8.11502337230122,0
426.90058373971164,12.354860438867377,2.5144853798445244,0
35.30138415851129,17.542753077259707,9.363082826020609,0
181.60694088315364,21.65810059840849,3.54341850543731,0
456.1309264176038,9.763769356831757,0.44053842447633995,0
140.58421275173228,7.958028117202847,3.4417845859051877,0
420.11229837631316,14.34768074617941,10.90762242436605,0
234.059929190727,7.98751946764895,5.698160430619216,0
111.27533633960523,15.629686138592136,4.3210273002337445,0
202.56482999964098,13.666931671097599,12.650882199316557,0
100.38680699523948,13.936765418878185,7.726463461529319,0
481.42840502441766,6.21444202291465,13.543048249153474,0
392.94209605819333,15.888826788594976,17.989104250922033,0
452.54401875154684,10.090319964948357,9.565197683904469,0
278.9717701455989,10.444041979988178,7.651606471412709,0
326.07654220697145,9.607020087419102,2.9920289905390507,0
345.14224700508913,6.470311132104117,3.0864313056615877,0
240.82207181996904,8.670161885677935,5.428771552684005,0
271.8296747644369,7.434021426479074,19.89297283119996,0
208.57156313356748,17.934803341018792,18.984172537410245,0
156.80199676557376,6.203438239790296,11.476825082090267,0
363.26056288354334,19.888869160516684,4.368863657666142,0
380.96978900080336,14.359696648257893,12.658126613568683,0
261.10425138214157,12.437233994984895,19.990878374381886,0
252.0509286941227,16.427370366575495,15.221766120477511,0
122.97890594445931,9.12974836871224,4.409673869466082,0
173.0797350971173,11.17600631858358,12.856378296003486,0
52.772187998940964,14.097720877548014,15.246180640438773,0
125.69710122752812,21.38665177527701,7.546273228126472,0
72.56796741700813,13.07238998052572,3.312566940565307,0
33.548872856546524,19.53992467230479,8.253506521667934,0
260.711936638158,13.309738318085898,1.65430923048707,0
99.31910045321945,18.297596876616133,18.879646107264193,0
233.93010744802237,21.299555050383173,18.57320574029766,0
27.356960525087082,21.814655830593225,7.0972166149229565,0
222.4251614145636,13.75037516118465,17.5972535472232,0
238.08030429729195,9.060166686633387,10.001602365431651,0
195.08715422638448,11.748011966659929,7.717490057902319,0
326.9556972176747,15.392987323218415,12.115106062781134,0
448.51150620164157,19.12604011918357,16.367391329626745,0
421.07741601398806,19.19222475034934,12.450393914594905,0
460.3965103994242,17.950011458173165,6.237981600085609,0
255.509543118477,14.2239338849396,2.77742652793034,0
194.60209526959096,12.081192142995285,17.440966768940154,0
272.31442636760653,10.112756262913278,19.989324964312615,0
141.6495161924006,7.392623401402538,14.462989729292591,0
412.1133431145381,19.37596902049935,1.687847610890847,0
53.71012106890753,7.486866310070239,12.686794794224085,0
21.28107634594238,6.569133872568774,16.58783253917025,0
472.506886234771,15.699019416978745,12.757541853272677,0
404.8737945031603,16.047200844362173,19.491836226706592,0
29.201300071066665,19.727780062763294,1.977472352812708,0
290.4233098937108,20.589376559358577,4.404506027546303,0
12.574371093608608,8.101590530318507,19.049342333756936,0
246.4352653248948,21.787087685714585,4.569734935095415,0
73.08671516682551,7.118905691350946,11.869715259518694,0
298.6631818907385,6.287130857095869,11.671139346496371,0
288.57493903747957,9.792445713733379,7.859484506905825,0
247.54139990366963,12.202777516006307,6.73929451434913,0
341.812487767661,10.54167245773832,16.40025258238712,0
132.50806011589128,11.294229807826751,12.914810201912246,0
299.0367153046665,21.432327556323337,5.676568940470405,0
224.22476421504933,21.205004046889467,2.37748782354144,0
257.99093861608003,9.720821733846082,9.09837779015174,0
158.60010218987918,9.213745437796707,11.81734882542083,0
350.90000349637756,16.498144288329293,17.699286163611756,0
284.73182506172185,10.939179893971124,12.022053912486566,0
290.0217823504552,15.609752680739778,16.33513860239056,0
316.7104383497707,9.772673503347358,7.987374967893819,0
35.2819452627679,15.915191043190651,7.813642219718783,0
171.8237392193583,18.296309832380658,3.304841008852064,0
261.52982265927255,8.598110314597134,9.557568960444849,0
276.4516649187256,18.15331856183411,15.994375279297223,0
495.55544346412137,8.730636136799975,10.939265027427762,0
274.29494971603066,15.408934049441267,2.3147521335741073,0
4766.075266822885,4.13019525833286,218.37715554346264,1
60.515935546734994,12.381376475259671,4.534547646599265,0
155.84123550956232,14.53619080479513,16.9427897938757,0
338.8603232437848,15.44422302216996,2.7504754963403077,0
431.92332978761357,18.486396418356392,12.812711856051731,0
367.7192651152911,12.938485343302222,17.257610058248247,0
456.2362371452994,11.677461764110246,17.08443812681736,0
317.6682633248317,8.334753184562327,9.457942656218098,0
382.378150379417,16.15936072945653,18.726423079383135,0
171.87075582764786,8.588227381633754,12.95426342125843,0
422.34953355192124,19.64364831801138,2.4876566248264864,0
4045.8556760705787,2.663379433807775,396.25045955774823,1
376.38219920973285,14.485670299652098,15.783216931774628,0
243.54354722194188,15.70193511093401,18.976919116622607,0
290.84391613612047,10.253618186469016,13.799994746178868,0
221.44879013685687,15.903171088123544,3.277620475609644,0
392.44289669758297,7.772927394876913,10.254404956252563,0
389.17891636865676,12.166014128757789,6.201690766855101,0
265.4175529684033,16.426686699302813,18.30514369835646,0
216.0625315458868,11.772360305769597,13.634972881803225,0
215.69261965867548,18.112948281779573,4.683688936309713,0
415.69103471697105,16.131034016215423,14.202708635961317,0
298.2702711395778,12.476774865363197,10.614747105736717,0
454.1917225278442,10.743836500533044,15.414850618111034,0
52.485553812469966,10.411517649528836,10.030309229594677,0
351.4932773732693,11.254099646161297,18.98224286178881,0
226.10575925659919,6.352562564760067,18.294622299130072,0
116.83132267210237,7.666197726724599,10.84942006925312,0
70.16067593472717,19.56876465809235,10.640433579685036,0
198.14230606066562,12.858088751527612,14.803227375229262,0
231.45481463652922,11.667779847116392,12.891823494846872,0
249.0268023962816,14.018447986912156,18.616145946329794,0
386.5914670100914,14.69172489263933,12.523523431862763,0
348.69871022873065,15.589903450606942,0.41342737783808925,0
232.59130638735883,20.983186782138567,11.507108065031119,0
217.56246258603662,20.230254658061508,12.730772935067087,0
283.29371031571435,11.466792030350733,0.05762503331229185,0
273.25907418989436,16.813459921398014,12.741816741618099,0
352.76098327592496,15.807106797849695,7.935936941726329,0
444.4424029858234,9.365593278701898,0.05842065242724015,0
419.9167585132431,21.654356460809534,4.573888188007295,0
174.47343175051196,13.110711244019225,11.254233980446784,0
142.76924483241365,8.383869695523115,19.922458992788822,0
42.45562914741427,16.20737269305552,15.19222857399593,0
266.5651152473555,13.566271450130914,16.844614926878958,0
498.6552120365132,19.09976006518832,0.8601390373387896,0
186.56909665058146,14.007124946091864,17.889051136484643,0
326.10064739497676,17.93339219249543,1.2898254249833507,0
271.82046202997606,12.06973743875878,15.83440518522693,0
235.4583879019503,13.083471468472434,10.525569206764054,0
318.591182268115,20.351326886776548,17.80114050930505,0
91.10152553970717,15.863995630321336,19.80172752134964,0
432.9378757746119,8.498621516674783,4.938148533351711,0
78.16693513010031,21.812404336002103,10.450794334641065,0
4038.134028634969,4.494236940901237,431.2467316025371,1
268.02344866305395,8.410817723358038,8.018835249460935,0
110.226850653037,19.834566274246683,8.312843733718115,0
387.9108675746716,12.201523703724312,7.100821129039165,0
401.893190816392,20.068298559965413,17.5471122441052,0
285.3146791504491,8.332105091916027,18.932888679870924,0
289.02732370411513,8.57357078332394,5.904836049792843,0
481.6981660918886,16.52096500444837,7.052052118577164,0
47.88732208950576,21.531999322730723,19.05793591995655,0
417.01483369780607,8.987572732368664,14.514518207282066,0
347.0145113770807,9.693267026464193,18.80897011472345,0
468.9575944092966,12.384735138193777,15.18702051505226,0
268.9013594356325,21.893390997738056,17.05115563803107,0
181.19962953417317,10.13490592466909,19.487444773585153,0
267.2654354215314,8.656549014659127,16.345046227336425,0
404.6043340053735,20.103212474800344,16.53493536052494,0
438.4156263786644,11.395634124086726,18.3358338140467,0
423.7759295904781,10.813649733652081,13.51695492928673,0
273.17038932636115,17.091103053162897,10.740149767027168,0
177.52103669103678,11.317034005681743,17.43195454576461,0
195.85979220891892,9.64547868068976,16.70815661684252,0
4328.510311513119,1.8018890996517378,422.33781304713324,1
167.5755546932142,10.338358984002957,11.665330356260908,0
322.7525909832417,11.264279005034595,5.9345528220818,0
54.98154224858652,14.67965817150988,5.133884566200917,0
204.61027792700042,21.586634058048247,5.568788165008691,0
184.12760139101397,8.14085978047182,16.943888780671635,0
449.3390288572702,11.160447645542643,13.337333211018434,0
82.39215503405109,12.763025814339032,11.292581019945263,0
132.921658399864,14.848023241471335,0.5933644612947964,0
88.59605161173533,20.077150623227126,8.226789329982878,0
205.42224170794933,15.796127774098528,10.631989292088617,0
299.0783895974417,16.345694614765762,2.01882399955043,0
1467.5407897623772,3.5384416316530936,265.8064259267169,1
289.9462815405913,20.691327993964403,8.549913007135183,0
465.74427174977194,7.807091334578777,16.672862682879167,0
433.1238889003489,21.357224289214862,3.5577624809804687,0
420.3704866112211,12.78875017415821,15.626976812288124,0
26.09486841928479,7.823306155429075,17.89285595155269,0
49.62775364242686,18.54132085470179,0.8970713604713731,0
181.53841977039107,17.59076276182587,11.976165927669829,0
194.87012296861556,6.837422012584133,16.534293198620368,0
367.96907703655774,19.348853855276282,16.197203747211724,0
134.540188044172,21.749622518446465,3.296493506935241,0
185.7369228351203,12.93194798354649,6.816313995796932,0
243.34324142661694,14.423987106460496,0.489968965353047,0
278.5062227915628,15.579423681601721,7.401046693485105,0
375.5275175188719,15.911964022521403,10.967640723913078,0
198.2043996307123,18.119710156630678,4.293357279450736,0
307.86825295918675,18.51975879302301,12.06128612341033,0
89.38680016687645,6.89817765465936,15.643425261824923,0
127.49580598712758,15.49245837296286,17.64517112189695,0
178.03416349634753,19.834979072536644,9.971415990114183,0
343.12394215112045,15.406149937766191,10.34478763428664,0
13.691837935696622,15.193398117084266,15.080460698567645,0
183.53186868863148,7.9172640322823415,3.6561447331380093,0
206.77431584848887,7.49452755160473,10.839801497795317,0
115.99877128791123,14.323048372024871,1.6860262922270075,0
370.59326046604116,14.619130677488625,7.83647926567,0
126.91246129726669,13.190941363419803,6.795376543022358,0
86.91906453093492,9.045197805105085,18.617747441216167,0
33.90395501985482,8.077223183227481,7.6656847928440275,0
338.25955762951924,14.991885559468908,3.82855360999085,0
2615.411292348552,1.0776493439566592,278.4804883910175,1
325.0335261709841,19.322887509552693,1.2266191128656523,0
25.584293927730915,11.496967596411263,8.048932748673378,0
4238.453566099335,0.3633543580500814,477.0125230080467,1
477.5025989044202,15.372962335550431,9.650008404707213,0
133.96518231472817,20.422010393415107,14.917200772540241,0
373.3158464581323,11.942537082402252,1.2125785213293638,0
397.9907413401201,18.69990160608826,0.1217749647967814,0
122.79078143836209,17.438784643235962,6.6081600775154765,0
380.92957476439204,20.684039826742037,2.088082594961629,0
424.73984616413304,9.608661278811722,15.950947210743989,0
294.83965444112334,17.69327159793402,3.3667391183826045,0
372.5552926192135,21.17733367762294,7.578205561176288,0
4250.354379111252,0.09000044472607494,308.6397584045433,1
146.9845674804117,8.458528610577803,8.583651867927138,0
400.27117008019985,8.855135443644354,4.385479238477514,0
444.85563643161646,14.928677202383472,17.58993141456253,0
136.9014992848887,14.840217836523603,18.781141919343742,0
323.28706491737876,18.319115204026865,16.841488747971585,0
296.25774750994293,7.882384455576938,12.688482905731673,0
195.62256712288868,12.278299544455592,12.418171804354161,0
466.9690556183739,8.255354040348308,12.6140094231757,0
466.1552617867734,17.01132585386553,2.9412370113317676,0
161.86909387161936,21.878646407831525,8.31207791814671,0
100.32350042237132,15.559613802110881,13.508404150941784,0
388.2221704931401,7.222669751008823,17.279231614700205,0
491.1020352721602,7.32013655104674,9.459426921910204,0
262.4351043793382,14.801471047330496,0.6523589668313301,0
305.36312219141627,7.742693469547703,9.529667675565854,0
174.8215272759268,21.648989087576457,1.841905064658047,0
297.4023629837719,12.094552408175796,17.17913370841259,0
312.9444033255675,7.106124578985911,17.036824737478952,0
170.05910848006002,19.143051648157865,17.082719953010084,0
132.8580236751829,9.773721586298993,8.97627291493212,0
189.02484164028826,12.25668420893079,7.894687076896563,0
479.6853334727672,13.141898344201369,11.604430375700588,0
62.31047230858335,14.730990215927575,10.44888290810929,0
134.304265197838,18.72816594714245,19.99427608311828,0
345.4400584611183,6.0053200979278305,3.6347838141892597,0
489.96015902453917,12.452181777981309,13.253290261187109,0
122.02632914721252,17.809105973416273,11.804653183017855,0
125.48895557184989,16.4915787609865,13.432845630920596,0
219.14035776088355,12.463646021224772,3.7963060594431197,0
91.10505007997199,19.288551302477437,4.640796578022119,0
475.0814084797791,16.06023709129512,12.92192350010126,0
162.59252160173415,7.304423832838827,16.007097580468134,0
370.7611200122592,19.20321227864909,14.49712998630034,0
179.14415099182503,7.995424910582248,3.8223741899200525,0
105.1942372209007,7.644678471882651,19.67680625710876,0
491.34195238924,11.498611081745649,15.446020303306858,0
270.9752345063734,16.989775962800465,9.870019843088166,0
296.5353919150853,13.132654633235664,9.263454335026836,0
479.76417962984465,12.086715267724763,9.838622002114581,0
425.8481995130905,16.887306021749204,8.904922245695763,0
365.93454599861184,8.395263487311324,5.850301821414837,0
50.80936148567723,9.698094598842346,10.638254130485267,0
1351.607530919388,2.2492110398627965,312.75563160300567,1
44.31455581626081,16.627006632086676,10.992125370615133,0
387.7465747614925,10.791096167870187,2.5025051428349387,0
497.95737376439166,16.385194540710287,19.392154536961907,0
467.50899364233857,18.580415308113512,15.924811911257086,0
79.13010590107965,17.877568809160145,10.31318811712907,0
288.84991989121636,8.661305723890274,16.39595609969455,0
404.4718870844873,14.906192926987476,4.844624356491338,0
1529.7645962917804,4.518039221733975,201.95289956595292,1
144.24095238735555,16.120648531620898,9.332155693944317,0
328.38910449495404,12.654517858351053,14.997015288729326,0
364.8106313438379,12.862190061776618,19.638113961530784,0
155.28997038742125,16.51174172103189,2.6338687694407703,0
156.00013125555574,19.908153994416843,11.665149849122312,0
435.398793985258,11.024972719883712,17.196476707825518,0
72.965173084616,12.14155442988474,10.649853988742933,0
484.3170925870748,19.269318482260537,6.604855586728107,0
51.41333376353415,21.92768785126811,17.33095963498174,0
283.0796307561235,10.380660920225704,5.510958784389668,0
133.20679536078126,8.953362072592528,16.438532718798594,0
31.365848159672538,8.547931812468232,10.626330411361183,0
265.9929422748728,8.319441158077073,14.669734929842077,0
326.86581036741006,19.649433974458407,3.7382888121692326,0
233.0204056677165,21.67281344610811,15.697236459177603,0
363.0528700818178,8.72764701078268,2.3204536269633858,0
252.75757693794316,6.682131348592524,10.77626018079238,0
117.84763489973756,7.520187183876875,12.708872913190453,0
465.7082490573076,8.573207505251041,1.6441412742356332,0
434.8871375327638,16.71024642334978,15.238136402648308,0
206.10921750729216,15.679262763048653,9.228910237746252,0
236.35199678203793,14.78141850752094,10.394085257889685,0
282.7935765438494,18.988035469851358,9.200047911615979,0
142.2564989721755,20.873870766010945,18.131444213443256,0
70.9744030754596,14.96291613399859,8.981694900218935,0
174.91156529547598,12.994646221069225,8.077957283402474,0
47.33818600358994,9.937114540767972,0.06335697161403475,0
305.8235505477681,10.086615754963512,16.095062439793896,0
151.0855120731058,13.209914507676126,9.96472000998546,0
43.442355623504874,17.9555134038726,13.302923884768107,0
290.2820576124997,13.544519361640203,19.78056716700348,0
444.4733897760433,17.76560477865204,12.92900180249214,0
111.54154801394766,18.694516130365397,17.68848551003954,0
463.07523180956207,20.810797294091387,9.169328491385155,0
434.8269424056465,17.89478057722575,10.89011538098456,0
3965.5351030121806,2.0415317137972555,277.3226038068701,1
183.90354332673311,14.930243993501806,2.1051837039402477,0
56.13692425159446,13.892429548540793,13.305842039561105,0
26.600788520831543,8.506214991580933,19.09693986076936,0
462.25051358125756,13.65208471321478,10.29367234242878,0
126.73571467794993,10.040444513206708,0.1342078060811991,0
377.2933669882753,9.154466025166037,10.544523616796004,0
478.0657932345047,12.030626635781951,12.318238313534424,0
216.63492793110808,17.24709505565883,7.613793623217315,0
253.7577980501464,21.711507047138326,12.643189983729147,0
354.9336062178696,6.176505828199453,7.243525095974565,0
3519.809302288012,0.6442435600012741,461.42337737301216,1
344.6612110743949,16.46521272595197,13.019146702361454,0
2361.7008228026434,2.107220207896237,417.79425345939626,1
168.04987447691425,13.433577546172963,18.962166403428846,0
12.490248510832723,21.676519325672352,6.660697436107967,0
343.99069779666695,15.48669439730851,17.23484989836591,0
360.6211244647785,18.065722885058626,13.441120775045068,0
368.5074000968237,20.139354714572043,10.233627731630236,0
254.60475614352865,15.004004581494122,6.808116866991294,0
101.33844352619062,8.780041530596712,1.1943297794177865,0
357.3663884859581,21.595197629931036,12.792111223553636,0
3776.0024193310433,3.253842737793737,186.42404649790655,1
440.7450253117845,15.820438701051184,15.701954281914151,0
164.93632532528235,18.67349814016869,4.783175555644861,0
3151.346111697084,3.4083474120081005,469.61074817029316,1
167.114674158162,18.427578087547083,4.3961069764638,0
211.49129322737124,19.020260613113383,16.13178684652554,0
269.53422254098973,11.153728067666968,5.376934849056867,0
27.998649339040675,10.423067049334337,13.299890324755474,0
125.97574490421859,21.413549325126382,7.123712942351883,0
172.0676492885517,18.74876524582444,13.17650140280141,0
2382.1205203445547,3.276412048458291,306.5697552874444,1
175.34894859723985,14.15558794802717,8.315950013749003,0
2171.0210213138307,0.019085670621735717,263.5109044916528,1
112.47408762847195,8.26839029643363,9.078936962167141,0
357.0087858357679,11.988748274236682,10.148927322394844,0
423.6644389558926,9.608642279099767,13.889009122614176,0
4112.989323857126,3.796243665304214,321.35207514629906,1
211.7139950351888,15.651510563413956,2.3990738604777984,0
110.48800447323497,20.372186036683296,14.72400850121524,0
4037.587255872157,1.1638157355064438,397.0123331361686,1
427.8826926290317,18.134800285905776,9.013729498778263,0
99.2324980225758,8.901108478808084,2.5071295158477125,0
143.126615823812,18.59152215868266,8.607494993815866,0
251.58257230818444,7.9675329364740275,19.54904235980736,0
456.06616000819184,16.554069862315878,4.990487336764973,0
443.25749928443645,10.518894378984188,12.504095390608844,0
463.96021755895845,10.246198547011113,5.8228849557035804,0
1498.7858651155439,0.2954694503912664,449.05432101873413,1
10.116386552183444,9.618352825439052,12.109653384288093,0
397.1414721908025,7.685880543244895,0.2838009879153436,0
4778.65113067662,4.0369801516997565,130.65432259009953,1
180.6849361820667,10.994368907143153,11.585327076410536,0
133.79805604083367,21.953250513306585,7.444007836504385,0
29.091934832014477,12.608498794363152,7.747851713373186,0
368.201599014558,8.047811336537382,1.6783907164285883,0
3013.501204089821,4.908993466303138,388.7716910062718,1
274.5229616650148,18.52131103762141,0.32123729962012293,0
87.7367593448206,6.33377822866461,16.591751137305007,0
454.7699161107877,10.08490439565491,16.53629947592838,0
174.5742700034192,16.854061165682268,4.071567550927209,0
467.96085869645776,15.851872351075885,13.492157058324324,0
286.34289508922984,9.898507457021866,5.379360631907719,0
371.32855098597133,17.794883600115888,13.522164628288223,0
204.3581927955066,17.204031351112334,6.23968040652837,0
61.08101336538665,21.077046234771085,19.341053628520697,0
265.437327032649,6.5806019618160345,16.328215699300614,0
405.3565729916671,20.077063775071018,15.478124435413303,0
18.408939897557616,12.694396618682443,11.926430377207367,0
309.64171832418344,20.525098447754242,19.41532412949566,0
194.85695078170818,14.201843283292883,1.3476910957104504,0
462.7804619626422,7.420278305724295,8.447690443686117,0
10.548854625253648,19.49979722250759,9.390510840877253,0
371.1474228275943,6.278076642967674,7.40793972550613,0
209.9124027287739,15.791048085397296,4.089217721094236,0
54.932674204600765,11.695573980717644,9.160444233365174,0
242.3762812631811,12.962886388085709,11.179612681995481,0
248.503654950133,13.076780198094564,1.4848174597677288,0
36.89248117677271,13.911698100721487,19.64099074031925,0
203.39881873664137,14.934602761331167,0.5028391655454545,0
422.733877296109,14.519699080950819,13.64387761253221,0
143.42790881294673,21.442075874031943,18.075151435502843,0
168.116330256016,16.40818636466745,11.982411700806503,0
416.29046814619204,9.112933170964816,12.889405542420674,0
458.6017018730379,9.246981881198435,15.294382829525583,0
456.8076803330527,7.6910956785003854,19.060400423577985,0
488.01524468455057,12.218444778077552,1.1540585683179772,0
252.19418656775298,7.000675630357895,3.6039150825629584,0
237.05656662565377,15.569802069904288,13.41351050764651,0
154.30203395132062,10.749908392964493,0.6892251885,0
297.66342982691793,13.589377758499422,8.055287969245038,0
391.0251190302605,7.1404843208826225,15.251927893883506,0
24.931354839461136,13.598184696099498,5.084627674973912,0
115.14866865710333,11.965578195022951,16.33446405117089,0
490.4826320881942,10.290224321528214,4.95020146280824,0
154.08189281827606,14.925011608177119,2.9635585645989093,0
498.2045301452949,8.701667306842978,4.583439024283242,0
272.8758622274514,19.753043706351132,19.246204059755684,0
137.51435029624838,15.81557021822682,10.25452788523552,0
53.055374508901835,6.2830049538121155,8.710152509443814,0
329.2275382103161,12.484962929371894,16.16045259813106,0
412.00915344792134,18.416003312566872,18.202692735642685,0
254.06446922039282,8.383995778387895,9.637349585492332,0
173.66435058516657,14.406958600731086,17.4744584036445,0
479.72731688347807,13.938662145811511,0.617158086161449,0
280.3440716770765,7.694891400935887,5.106181530078633,0
54.59102461515184,18.266498163206496,8.026120484394244,0
364.2190873446701,20.923691847620077,4.837777671082919,0
32.97926921769776,12.79243880314179,7.982003761474461,0
58.99259470931305,18.508645277520472,10.621706897704858,0
237.6901683404096,21.37248882379163,6.4216219417410025,0
145.86016639141906,8.020060524681815,10.515124391182697,0
245.61011926364603,11.155448055114054,5.076421563133897,0
407.49004660064145,13.453004912323976,8.977061433494164,0
1990.0403827154428,1.7019004633333745,388.22621945776245,1
305.1960536915483,16.240047469390618,1.986044055073859,0
460.0428152202576,8.003737126925234,4.91614878612306,0
137.37543279858872,14.677818639675813,9.119585515198738,0
439.56412810363844,14.33974611976535,0.615800993208957,0
302.66626030516096,13.141637619162275,11.436183272143074,0
179.6891173338064,8.787093385252058,8.084794592884183,0
253.31498343470807,15.688610522318125,11.919776843669636,0
65.59765498854952,15.35473120708142,6.26412522140348,0
450.827224601056,19.20457773172635,14.393076332210608,0
244.08029653131155,11.089784857889912,14.616360574236175,0
434.9353407266144,12.120420483904132,17.510224531052323,0
126.95811533749858,9.909439052583458,12.759085253694774,0
212.2688397973086,16.0987303353073,10.685811037873517,0
370.2542007164918,17.602968768438252,11.941915403734395,0
14.647862477964058,9.45744725096492,13.795576984962423,0
262.4714829142157,11.809611786144167,8.767699600615227,0
17.499224742288526,14.077518110288285,11.973848046381947,0
195.08571424568296,9.537013943259655,15.035443460781865,0
272.92941653379296,15.287600107466794,18.85967633632085,0
323.0851988137883,21.59735444449779,18.70594197090655,0
48.105018598688964,6.1124672610179065,2.3698471753680117,0
208.14693575902191,17.737853280677,2.440609886436973,0
481.4397665701044,7.488487783360435,5.666095248498612,0
81.83636262909249,17.726382693461467,19.602179848275338,0
359.88900789701586,8.889513570804814,13.590998542678168,0
448.295166174353,19.167335139543777,7.948963137981833,0
76.15062593639139,15.383665475019312,10.133452979654916,0
375.081628578908,15.990807143547649,7.62882082826623,0
262.8787200173722,11.389448029777652,5.829914818474458,0
234.9046041283364,8.618940823444824,8.887306984830287,0
68.96599339714801,7.504577670948262,12.344980416974513,0
85.78934903278575,13.387725017798115,16.865561818728047,0
184.4358272932732,19.309809812022753,15.660332746334657,0
2789.010331427372,4.371133620691758,423.72975931410497,1
401.77319415056263,9.722328617002896,12.065836114298861,0
458.4746274178621,15.01502283757534,15.092424431971835,0
290.4896021223982,12.68783894192775,9.00233052949622,0
254.1413719459807,19.973386587581565,14.609927219175805,0
426.8564554080628,18.06805670950181,13.260146922835519,0
68.88067742476467,16.45220830779728,0.8111747508936284,0
26.77177430205927,13.52510486562857,17.65468761346844,0
355.49133850536333,19.294035061467287,16.613770210401537,0
41.843340646618074,12.358102247765064,18.725342788264385,0
238.19305993621848,20.33303355795011,16.165508791118754,0
305.56672706672,9.103261876284398,14.534984483363933,0
351.2857184512687,19.099312913907724,11.265778619076293,0
2411.1714937036113,4.011771645796321,431.54851050118344,1
205.16081814806142,7.790974832344485,13.915949553108897,0
131.8748356708411,19.83374137528059,10.896553150903737,0
381.92756431403643,11.939313502239973,17.013605212096927,0
209.1322310540258,19.041894151685888,9.265873065455937,0
195.14676914513535,7.971562466754657,1.3805908177569925,0
173.83777754213628,7.72709943434343,16.793193114175807,0
75.22729500786434,19.14890310241739,18.60341930876849,0
201.6731853793861,21.484094033654223,0.5900811029041186,0
207.24952136252045,17.574476249796582,15.24965768951106,0
422.6247933591677,9.683938694845919,4.292561465176057,0
350.7514503222573,20.046258544661242,10.986449588063481,0
420.1687054444844,17.83978218696979,3.146525600036565,0
272.1841622774927,16.815716409381686,19.84884578749558,0
219.1265636150072,11.070759637519119,18.044728069244762,0
147.0841185127834,20.627784255223517,11.828135188449762,0
262.4656668834633,20.488396677274782,14.413102905662265,0
278.8705015116302,15.874492534330349,2.054965049048467,0
441.3763846328242,9.752980693357259,16.770984298056565,0
1286.544198477082,0.8356600573561063,144.75224661964955,1
245.72032308360235,21.152575803819566,19.807235639967438,0
107.75839439577668,21.24476044162071,5.333503933239552,0
281.85964818569056,18.95247961229507,17.268015337140035,0
33.566375542402966,17.06588888910911,3.046555713253576,0
297.85226607469644,17.97107049566396,19.126401867750552,0
804.3238153516603,0.6372697971143448,284.7373925100441,1
130.18991080511393,10.069151698853068,0.700158296136113,0
466.4788492763051,7.9589423737430565,4.306887627651053,0
146.0177145884149,15.57650521094985,9.630986805517086,0
32.09933183795836,8.585916980573943,0.040370354964678334,0
66.48819041116934,12.295165545017465,13.550818910070682,0
253.535854922412,10.309300772832401,11.266492840660934,0
368.8131855204761,13.95609488503501,12.832638176547091,0
248.31516617784783,21.085298262612188,9.1719588702768,0
1339.4846159914036,0.38539005975730345,398.71065581348716,1
60.0842054703478,16.54456854725889,4.279140773764738,0
298.2492409152662,11.043032337557744,18.69988863677531,0
75.0452568990552,20.963229044791355,5.556441455634689,0
374.663711902216,15.23496378738797,6.009787712008647,0
487.5281599474463,8.205166386547766,15.181378785167514,0
137.74031883559252,16.601940464133126,4.525582164284636,0
292.9682727440016,9.977284123439073,17.921502235891467,0
192.61656487608417,9.960639289654003,19.116489674415046,0
498.8693818026832,16.33744197540013,13.80193116475687,0
292.20304187646144,9.754784612184817,10.516251977466474,0
402.3673880281993,11.478138176536744,15.262167272026165,0
449.7437125426399,14.112817661847057,10.937519317520891,0
201.89876886477447,21.146207267193716,2.341320828483373,0
11.63971740105982,11.436439544990161,14.075846219810153,0
455.26364154199024,18.899134096060653,8.152657159593115,0
290.9142453079063,18.821870653112306,1.96469984378161,0
219.8740927206528,13.694461303183758,9.01194037966268,0
303.52438874089,19.202115134859262,19.89962738650186,0
385.9254780232001,19.22942213939004,15.647766589201746,0
387.78310351238446,21.858022909140857,4.267866959513791,0
135.4476106082945,6.7652931263056875,9.179269587545972,0
187.89901397559436,19.47152594394734,8.749638532164195,0
12.597003134826654,9.57783095194098,10.876114557324748,0
305.93935731553114,8.130320066849551,15.217086890289913,0
250.681307025627,20.3549814554339,19.925245730497537,0
37.37686579190152,16.975483775727746,16.709604727646553,0
245.76124308758367,16.882110897655224,6.8074149261152535,0
31.641064477949087,11.534727160027108,8.23310920913405,0
11.271561947986815,12.055622775773905,2.598598490714026,0
355.413519347587,6.797472444527065,10.814691342662083,0
238.98227560344975,19.954171200359625,7.465196289255179,0
204.3592849575834,8.296677792630286,19.41484307354496,0
321.80298291108875,20.552392175165096,0.9224712867146767,0
235.24394125295424,20.55024307213434,6.176688480146817,0
268.5473877709451,6.861731311968418,4.49780433631825,0
87.09692325423772,19.108081677943378,15.747466900102111,0
457.24723681077313,13.776248047640639,0.008855628744157684,0
183.39697451501223,16.200852231523676,6.892081688951192,0
359.8914002895709,9.895647494477876,6.038334001550036,0
62.223577763050436,19.202090682657843,11.20183394886791,0
439.457597178894,19.43942368451492,11.808621796453867,0
458.45472653697544,13.017715463832614,7.7974470588308815,0
216.66370326795115,19.245894005154767,1.4422218585887037,0
139.20506329096204,11.975401538306775,14.169793949855947,0
59.389355477784385,13.092369399097892,4.3823495893987685,0
270.32021944703166,18.077405119053566,13.502801222993362,0
195.8220066322622,18.523136651906388,12.122931298669595,0
76.94445240659412,12.328721342079499,15.77604527810719,0
103.54640526366956,6.019709362662814,0.6529135509133721,0
348.3745138983639,6.713518533967385,6.330993305357399,0
245.09285015968734,17.98853940313242,18.510444157037618,0
473.6353260120282,7.416889347571862,8.283004486564536,0
311.76707055105777,12.328242717584244,3.4369696265418903,0
280.8548337493901,10.706687573495646,5.046144996788131,0
402.3771466936388,9.133453001390702,6.5408928830363555,0
246.0168241024165,6.280255853792996,13.547746430374337,0
78.02413898658999,15.64085062148584,6.641987307862729,0
484.1727002214724,9.603579236295836,14.288215272531966,0
304.9483438150705,10.238327155787735,3.1724828905275593,0
470.86059529633786,13.627127600658547,12.803966231192476,0
61.38589160091564,6.3204216948131915,2.592013023908839,0
472.76076553286396,10.974862880120867,16.495757125555734,0
55.22238725208558,15.484991866454763,9.339359999272215,0
101.29723095211914,7.099405320292284,9.164693007856677,0
210.17396353859928,10.757680771789422,17.585102296927694,0
321.8377627485455,16.480149421313737,16.580354650909822,0
23.532218218115304,11.536265082317433,0.7953192997713909,0
358.36671463000664,11.080503166027793,18.121317713727304,0
60.460924872344606,17.647154827691892,6.5267686186397444,0
137.83787543743983,18.283582209068484,17.760781287202356,0
4958.623165552717,1.897514516873593,208.59950167274715,1
450.83704819316483,13.706157544557797,15.53856020654451,0
28.422418871067826,13.362596231815035,3.4422120564555536,0
2447.0350880698256,0.34252703313489785,103.18576189818044,1
224.8523202788626,21.059800067718186,18.14760329425694,0
188.70165223407986,11.412209685317574,15.705376230320303,0
433.4421068852325,19.889965015848496,17.54523525652359,0
198.84434427312686,12.480332785285144,10.85068737064503,0
112.37017163152649,11.214807423233198,9.288664724510856,0
241.8514385154272,15.03105745086212,4.465267710103927,0
119.68604229409709,16.32463740041147,17.639843394432717,0
36.207795406210764,17.286169505795257,16.834467234893523,0
178.7480287016743,20.99765270745383,10.021757605243941,0
119.06244460980496,8.123434461108438,0.6187528946268395,0
349.6558536138931,6.744009383041048,0.3959131669450877,0
135.54140236128444,21.24237820861947,15.73500670308874,0
479.0624288618296,10.997585630168217,9.96080786113738,0
245.22252383905283,8.796375085238035,17.3788850455829,0
309.09828683389924,21.674347440542135,8.706484429104723,0
409.37666991720397,16.183850416786463,12.568680948379978,0
362.89926499982494,9.35747191770255,2.5988274453588245,0
90.76878795713047,12.893793464608533,4.414909769055635,0
287.2305437836146,8.853961348917277,16.36053498277386,0
489.1713276895927,10.61896952849021,2.647447580699449,0
78.60908394362,14.324745230698465,15.61463706401802,0
487.78290984311985,21.317166206313395,1.9973364227235635,0
351.51111655954656,9.391719854435816,1.706826729686497,0
4327.778091624382,3.1411905523164068,271.84343685294533,1
443.64919469640773,21.477698844612405,6.5050781184910385,0
298.39157219689025,7.506430562011166,0.13364258447775557,0
38.353309901276624,14.775995546423628,6.0489495657875985,0
392.83506473088926,7.652943313984251,7.908685359858287,0
349.5162757590503,16.433971928487004,9.002467223638643,0
274.53171218529,16.539074339319097,3.6061587084555624,0
368.77044344494055,17.7680897038006,19.448399980802066,0
493.26592797473944,11.337112791555207,18.143996431212447,0
492.82998299845,6.46514208550326,5.056272121784011,0
386.21195570699103,13.651744368769156,7.952951591840723,0
273.8167302865859,16.940065689232682,2.062427248161516,0
11.146301406631347,6.916484017241974,19.230266779661697,0
263.1811661390177,13.522921483146641,14.368584596374705,0
479.94664933637364,12.181582557573048,7.8371659281815775,0
171.74876152197615,16.242691581250657,17.914534518523457,0
160.94978800767072,21.41178645504211,2.4049445302335126,0
442.00219505747157,20.485757988445926,15.679747173787108,0
1075.6298072108543,2.395350315516756,239.55603001672944,1
287.0990901882572,10.048934924812553,13.486979580469377,0
422.59130675587085,20.339540842960613,9.257039100317012,0
498.00630859486125,13.678353305473172,2.6009556502227738,0
247.7871383953947,15.71690317220274,1.2937378703026314,0
164.15231283661134,20.761968929404635,17.58682040353056,0
377.74594313500364,9.662313677545818,18.747568763286417,0
242.24527130097252,15.735782602556661,7.702402398050001,0
18.938815899896912,8.260448788408093,11.583505107494442,0
177.36597312370708,15.552750670331067,11.093146960701912,0
374.5808950695665,16.57312189278801,11.495591085288304,0
394.48744933271166,20.494257676604164,2.258632853720226,0
234.14172790911658,18.77749235812402,18.23042586650633,0
415.1314256264484,13.927233655375709,10.544653215078252,0
307.96304627552377,19.618788173644333,13.337088420285356,0
405.640823390213,13.552966947151972,16.175799691270768,0
413.16727241957966,16.671544271854515,14.691558462428265,0
337.77278923491883,9.205746296779402,17.54478914324401,0
365.7992135952056,19.170784249530563,6.835648094735234,0
110.73410610406238,16.677606368742854,7.539710838525602,0
448.1664588190036,16.71364185814339,14.300774377013676,0
93.1431529088271,6.234672912740221,8.824474273106532,0
484.1144702449213,15.414602133449687,0.2461940603215118,0
294.5710315413906,10.649400956901681,1.366682096912084,0
4387.681052738577,4.197304547503834,264.4374435521759,1
385.02457772245793,14.632899527928082,8.550036626562234,0
208.19787034410686,17.52012863460981,0.22961319498755683,0
278.81552778969507,20.01768308156868,1.5276988998291197,0
3296.4626087598904,2.06380564633013,131.05631039551253,1
363.58230986812583,8.844262205619971,4.141898363531425,0
100.881725692594,19.550699649416956,10.335798782563163,0
343.7093192774854,11.577178675871528,6.516462351288997,0
177.83688601748628,13.201990918716154,13.18227528939053,0
33.00322500242837,11.706735586268236,14.788164596626237,0
360.92774661914655,18.498726780590708,2.7399812610734275,0
456.20576173474893,17.992727751502212,14.462565477651083,0
425.100140606839,19.827458842786704,11.193768896758797,0
479.50368857192586,10.409797418863127,1.4178315178257073,0
392.0817996461351,16.608672072007877,12.192620233138038,0
356.5427468657778,7.948190578004397,0.8331363676536485,0
425.5827667787729,14.386546731618596,10.934010411135366,0
414.31501157947065,9.532842076570226,9.46801762989825,0
44.76104932996456,15.134472029506629,5.379178916529421,0
269.62161135874715,16.660910173360634,17.55294039301563,0
303.2369235905612,20.88510215740518,17.953493453559133,0
63.639123352766426,10.087893514489675,3.4816335062285853,0
363.5511019497338,15.048799438743046,13.421105677198288,0
282.44246893486644,7.745754108251996,11.860290007211953,0
240.27281185556205,7.458631846499067,5.705806767146329,0
457.451218606245,12.3984833088665,0.04635095809627732,0
459.52385041191053,8.460658394688497,15.640306698659344,0
253.05835260376904,7.524184127274021,7.684792402747627,0
122.40342539542533,16.281215503155032,7.2453617419718235,0
838.1040995414448,4.958713085839194,414.60895295633884,1
478.83243371196363,14.6384934320354,3.347194662772559,0
271.8675168289363,13.078558983690712,3.7807904945506343,0
399.7175005999577,18.603408248443337,4.108028169560587,0
377.3119536842078,21.699781989508864,2.7823169778217505,0
67.18107142942384,12.183373458546354,14.780531155759174,0
312.4592189276731,10.83296802935672,2.903930257693206,0
47.20737108111482,18.483409014881637,9.645287225043845,0
16.69926276522867,20.87369403875183,15.867880286106955,0
106.09541884979187,7.500110730328906,11.87604961619231,0
467.38379095894663,14.692808373812614,10.043072199239738,0
301.5740000532061,20.03421506418246,12.720849375599366,0
420.53461028879025,13.05715453201254,18.793030225870165,0
226.75259256824117,17.597224957984935,14.597206176969568,0
98.23296345115628,11.457440391587529,5.7994023788721805,0
360.15160104817653,16.004874563423165,5.691246035257951,0
292.2392247247734,6.366301199617924,16.46618859641436,0
417.3720301306256,7.796869510579507,6.122746817591864,0
420.8555742443527,14.515919821220786,12.1375468315386,0
272.1679987020062,11.019643059105537,14.187659341747818,0
405.3873587548819,19.447238500430934,18.00642536148543,0
293.03965750485816,14.332290269347403,3.0761404928321556,0
497.3297502906971,9.259219988420387,16.76304367103849,0
65.97658370099444,6.03007813639857,17.92081599314438,0
132.6231666527734,11.153515235509365,8.949362826449157,0
331.9845509650818,17.90846504951929,19.08066255170081,0
203.31568131798363,15.543767599766745,9.828363550571135,0
401.01476785025784,14.927691820522238,4.2617001736961635,0
286.5846858360942,11.541148297424057,3.7204600001133126,0
99.6043385825806,13.668462857220597,5.163465083823384,0
